{"time": [1112.8124232292175, 1122.864248752594, 1120.6687214374542, 1111.32994389534, 1122.4535415172577, 0.0007236003875732422, 0.0006911754608154297, 0.00087738037109375, 0.0007123947143554688, 0.0010826587677001953, 125.3185064792633, 136.9805748462677, 137.54881763458252, 142.8271141052246, 160.23289370536804, 58.80096173286438, 59.62947726249695, 47.79941153526306, 51.93101739883423, 61.33216452598572, 106.4197027683258, 123.44282174110413, 124.53502249717712, 126.10286283493042, 131.47813630104065, 189.62737393379211, 200.74766659736633, 191.86721110343933, 218.4634473323822, 220.06367683410645, 120.42981266975403, 125.21159482002258, 148.72232460975647, 157.3290593624115, 191.0174000263214], "PCC": [0.8105470180150305, 0.8237892150854955, 0.8063048732475921, 0.812761176798669, 0.8126246072215725, 0.08325233716501397, 0.08653070586997112, 0.06707642294595702, 0.0836550366530567, 0.07656174397689658, 0.08325233714779247, 0.08653071010696596, 0.06707642459565663, 0.08365503283741041, 0.07656174287054886, 0.6639040930251253, 0.6886731152720639, 0.6495396894534762, 0.6974653672936683, 0.6665953580016307, 0.5103160647645628, 0.6155664097950793, 0.5244097024677674, 0.6481459322522888, 0.4047313743605733, 0.7427269587103855, 0.7318537003925875, 0.8028090331569764, 0.7071888564839023, 0.7522783259080452, 0.032910779451082804, 0.025583370410918974, 0.027726283953412405, 0.02144671082077344, 0.030878055208053472, 0.7425133286805364, 0.7151546739762397, 0.7196271924329333, 0.6919294480043606, 0.7400843884800773], "RMSE": [0.7796917443169485, 0.775505076688755, 0.8275649498173718, 0.7947292235023572, 0.7844035018058784, 2.2796297982478047, 2.308071019202268, 2.190053158293452, 2.3147237241271075, 2.320508133061694, 2.2796297982478047, 2.308071019202268, 2.190053158293452, 2.3147237241271075, 2.3205082358058173, 0.8940552356988861, 0.8554943551189993, 0.9001029459038519, 0.7911944151965714, 0.8789228310610424, 1.318736473122596, 1.2950298097486066, 1.4966901979670997, 1.2983804261004313, 1.443257701219542, 0.8140095845485343, 0.8435285065587638, 0.72862876852111, 0.900282085769606, 0.7819566963625717, 1.8218820378738487, 1.7927818450248507, 1.7619118595225807, 1.7877082196585223, 1.7781887854212501, 0.8433611291581782, 0.7502305947895462, 0.7981122453666675, 0.8517186782828486, 0.7565225850810211]}