{"time": [992.9709961414337, 1079.6710369586945, 1135.7259986400604, 1179.0120174884796, 1154.5398542881012, 184.94734930992126, 196.14210104942322, 203.4095959663391, 218.4003551006317, 222.4219217300415, 235.10471439361572, 273.2101979255676, 282.4532985687256, 304.62711000442505, 313.553834438324, 172.58174467086792, 173.58769845962524, 173.80988669395447, 178.35157084465027, 179.17659306526184], "PCC": [0.898517652048204, 0.9113965549337245, 0.8902452303447379, 0.9004475902480606, 0.8923016048036725, 0.4353779420441811, 0.46541021258415144, 0.4909948627584699, 0.3993597578482368, 0.4061641877639548, 0.7048594185645681, 0.7043668175734003, 0.6941918841276412, 0.6917463328661658, 0.6862020147395373, 1.989376309841338e-05, 8.514288824703465e-05, 9.62622572939526e-05, 0.0005934946390785594, 0.0005627427590821663, 0.5214405951242839, 0.5781136238246758, 0.5643491462356406, 0.6030132853232264, 0.5609185273638755], "RMSE": [0.5704011195060797, 0.5557982914510233, 0.6240284998633177, 0.5774609386147597, 0.595260906236526, 1.1175694379632228, 1.1197560267728048, 1.1110417377484538, 1.1174061701253124, 1.2021711457352093, 0.9532223323465443, 0.9775496414633458, 0.9024443797357781, 1.0091831438298116, 0.8759881298445431, 1.7345708100728723, 1.7050602967683708, 1.8727545326105748, 1.7218619870561265, 1.888842980288187, 1.0685418511862375, 0.923280711022951, 1.0213877995134533, 0.9705568813633235, 1.001082728268541]}