{"time": [177.91230845451355, 178.34332132339478, 180.38975930213928, 184.63596177101135, 187.01052045822144], "PCC": [0.5046664958101039, 0.4033659426095628, 0.36701718018539237, 0.4520622338501186, 0.3638822182937508], "RMSE": [1.1008213877890094, 1.2141924028847917, 1.2501667388334883, 1.1469522850335478, 1.3155263795835677]}