{"time": [1038.0009665489197, 1301.08314037323, 1332.1478440761566, 1332.7860553264618, 1386.3406059741974, 106.85375738143921, 141.23043942451477, 145.4516773223877, 153.9849534034729, 172.46224403381348, 227.9856493473053, 241.4318459033966, 229.50726556777954, 241.21370840072632, 238.28634119033813, 241.97710514068604, 233.51457476615906, 245.33199310302734, 242.08707523345947, 129.81866240501404, 131.53257203102112, 149.29845881462097, 173.73109889030457, 182.44149899482727], "PCC": [0.8490220906010476, 0.8564764910480193, 0.8406760591255453, 0.8566991542312805, 0.8511982736331082, 0.695119512855172, 0.6619482509437676, 0.6393791119028717, 0.7388781823755024, 0.6520617888484044, 0.7285975347871219, 0.7476243781658649, 0.7643638648218073, 0.7351810692149188, 0.7543710540430861, 0.0004945581116288016, 0.0014325542070192723, 0.004585175657086313, 0.0022717182168582595, 0.0012719746741230167, 0.7164046732488185, 0.6918184230493268, 0.6847475501301716, 0.7387333255251544, 0.7121219220209076], "RMSE": [0.7015928954270935, 0.6951025527995581, 0.7448019858403473, 0.6968329233031338, 0.6881321904762161, 0.8197907741465834, 0.876097093538014, 0.9198116552327382, 0.7234601060536213, 0.8985082847242983, 0.8426385199097821, 0.8622553326316593, 0.7990923679992222, 0.8796358598150132, 0.8331945820373579, 1.8457719093705778, 1.6957825039955872, 1.7210221963589276, 1.6893689437797172, 1.7037041755497475, 0.8137016580288878, 0.7839608653163918, 0.894484139746955, 0.7971581722593604, 0.7876992488264256]}