{"time": [], "PCC": [0.41233231698041856, 0.5299102680096321, 0.4984481579807859, 0.5125263817941704, 0.49581278237372867, 0.0012623592339219916, 0.0059285105482554945, 0.0015968747925185793, 0.008497815474695844, 0.006629471145961875, 0.00014070431532400818, 0.00016938351990181545, 5.575747261862862e-06, 1.546825705425364e-06, 3.358692377243219e-05, 0.16077870897341892, 0.19668425348066795, 0.1036662573083194, 0.15249592526718914, 0.17775546254927732, 0.5713023593930893, 0.5194982885130391, 0.5821565693252863, 0.5532462694799966, 0.543041179285686, 0.0006859498137308708, 7.563224879381932e-05, 0.0007356999384769807, 0.0022149820989713865, 0.00019913030405879938, 0.29710665116749585, 0.3110882246498656, 0.20527662133658342, 0.4453166901424811, 0.2162878054840177], "RMSE": [1.425382960877287, 1.2632066675179305, 1.322184437635748, 1.276808506993705, 1.28410709306457, 2.5098506452951006, 2.4756934148267042, 2.6127606202591265, 2.4864593015769305, 2.4937091833612874, 1.7118859993287743, 1.7212058122180816, 1.7254501142517102, 1.7251247443829245, 1.7339855134792248, 1.3593126041518078, 1.4585999744611429, 1.4321413920782007, 1.3806787612829823, 1.3871893285785266, 1.1083463816245156, 1.1784233747519366, 1.112444486197361, 1.1405901968885053, 1.0623872360528448, 1.652415605430077, 1.7111527816988388, 1.6726550840314056, 1.6992473029883721, 1.8048663030124636, 1.367646320193222, 1.1855530086654038, 1.3399315185271023, 1.1850677980270645, 1.311506758389964]}