{"time": [425.85301756858826, 435.2970128059387, 436.0846447944641, 438.33453702926636, 439.8752336502075, 253.1241672039032, 257.955534696579, 309.49328422546387, 312.6882793903351, 314.5619010925293], "PCC": [0.604642936466393, 0.4590433922046778, 0.6945476732224333, 0.5364933667262693, 0.6186788012718142, 0.0013625576653602074, 0.001312277304729588, 0.0008206401544772773, 0.00014749424528861873, 0.00011415163835987969, 0.4569920330395992, 0.5615852673848069, 0.5405444898796031, 0.5813382790159352, 0.4684823834652967], "RMSE": [1.0317618515853553, 1.2038011013604606, 0.9312322589285243, 1.1347169323977795, 1.0056771418850197, 1.8625299950558944, 1.6409017420286924, 1.6351309200681576, 1.7242463746167564, 1.6205555217662853, 1.1325599652008258, 0.9458606801441893, 1.0653232203084342, 0.9954972219998404, 1.1116165296428528]}