{"time": [1267.71315574646, 1269.0354750156403, 1391.835278749466, 1387.4262731075287, 1485.0851624011993, 39.119168758392334, 43.970277070999146, 44.52704477310181, 58.72740626335144, 59.863261461257935, 131.36946773529053, 132.97769594192505, 133.90390253067017, 134.539564371109, 136.1396632194519, 238.86075830459595, 243.23359060287476, 245.3656826019287, 246.1275758743286, 246.50844836235046, 154.81295537948608, 154.56567573547363, 155.92652797698975, 163.28546571731567, 152.37806057929993], "PCC": [0.86174407872498, 0.8812141994796838, 0.8544939704849472, 0.8709828105014434, 0.8553775864788457, 0.12949853820099796, 0.2809453816153693, 0.3080222607137643, 0.3423736580334993, 0.12263046174043915, 0.7162389249008343, 0.6749013683382067, 0.6519567406109538, 0.6970336006494567, 0.702740759439027, 0.7488057900176632, 0.7095079203368831, 0.7698379924424383, 0.7555259493538407, 0.7447502163018811, 3.0250150129943335e-05, 0.00013644260946341953, 0.00136954311233792, 0.0001533319017105833, 0.0008806968706719622, 0.7444379345022039, 0.7198877630372659, 0.714816158040085, 0.7265483125662732, 0.74579761611635], "RMSE": [0.663275150949499, 0.6361057630626, 0.7118449864411314, 0.6552669564621628, 0.6865829941161143, 1.7063111067229286, 1.8710822182700164, 1.7500424379925135, 1.920584020205368, 1.748058400036204, 0.7861072228099274, 0.8652835943891601, 0.8942752788405804, 0.7814068446074147, 0.8445486950903149, 0.8532763741589149, 0.8875342161003373, 0.8308045922042703, 0.8642610883920083, 0.7915451726210467, 1.707324738227771, 1.8716313300642573, 1.6902672718814846, 1.7443747026968757, 1.8411514591488998, 0.7744946816657674, 0.7514169341858907, 0.8003620818425818, 0.7969124355124722, 0.73924293654276]}