{"time": [1094.0289249420166, 1123.4070160388947, 1132.0141229629517, 1131.0081684589386, 1114.715769290924, 148.46757102012634, 152.62443351745605, 154.0065655708313, 156.51340079307556, 156.53186678886414, 177.81271529197693, 189.59340834617615, 217.34681725502014, 216.34481620788574, 230.13909721374512, 120.29177665710449, 120.46593570709229, 123.07421946525574, 125.84069466590881, 141.88898015022278], "PCC": [0.7722550883584566, 0.7918352378556688, 0.7736822486234151, 0.7751422653609045, 0.7762836069866853, 0.6912654309255793, 0.6122756709310405, 0.6565023189923718, 0.6705320171419735, 0.6520107070471944, 0.7539548251904051, 0.6760695805325203, 0.7692166304968534, 0.703871526195823, 0.6958964932816221, 0.033972167152979814, 0.044643420072551565, 0.03613487749677518, 0.02020771627388515, 0.041733170669550276, 0.6813364347684107, 0.7230673022781671, 0.6614477372941594, 0.6451600561427312, 0.6644772088412892], "RMSE": [0.858772760392235, 0.8462733577395337, 0.8886584270423933, 0.8679800450013283, 0.8555056420301269, 0.829963299158176, 0.9336658274387927, 0.896254366620651, 0.8172869882507249, 0.8983239143552503, 0.8025123679019087, 0.9556509846958621, 0.7921495010923387, 0.9073806484018754, 0.8656375195530899, 1.8097199791385037, 1.7482862255391456, 1.8709549822547253, 1.885875758414357, 1.8751966373330455, 0.868259454727868, 0.7416110158965267, 0.8839555277987038, 0.9170981641474634, 0.9479578693923015]}