{"time": [], "PCC": [0.41233231698041856, 0.5299102680096321, 0.4984481579807859, 0.5125263817941704, 0.49581278237372867, 0.0012623592339219916, 0.0059285105482554945, 0.0015968747925185793, 0.008497815474695844, 0.006629471145961875, 0.48935456085567036, 0.39061969056238555, 0.4063209219068779, 0.3612694246460921, 0.43113866477718243, 0.5603969497466406, 0.6177953305069115, 0.594203027522475, 0.6599690910085254, 0.649726452650782, 0.705633439233162, 0.7002443961846553, 0.7338887398515533, 0.7589089813715336, 0.710999730982547, 0.0006584267261255056, 0.0007069853603301053, 0.00019398866460464863, 0.00029801737873492556, 0.0010256034005463456, 0.6797056458198445, 0.6395310489331415, 0.69563061143317, 0.7192552663419965, 0.6924402412135721], "RMSE": [1.425382960877287, 1.2632066675179305, 1.322184437635748, 1.276808506993705, 1.28410709306457, 2.5098506452951006, 2.4756934148267042, 2.6127606202591265, 2.4864593015769305, 2.4937091833612874, 1.0529601468970082, 1.1795287372796313, 1.1768241135530013, 1.1459860035306215, 1.1544517761705848, 0.9839306388498967, 0.9409273441087146, 0.9927009995874433, 0.8374292486111549, 0.9405920536189835, 0.8684264946041528, 0.8937142985222502, 0.8436535674195678, 0.8772779852794456, 0.842378526018232, 1.9131352884139956, 1.9018327782664404, 1.9078483134539412, 1.6874537991451106, 1.8710930491786593, 0.8900531472185564, 0.8497411165370704, 0.8536638702913794, 0.8155243778643043, 0.8381073855854013]}