{"time": [1230.1480796337128, 1270.6302480697632, 1292.6417074203491, 1293.645891904831, 1134.8540604114532, 105.02045440673828, 132.98667311668396, 135.5796754360199, 147.5268578529358, 145.0359206199646, 222.09106302261353, 220.00949025154114, 221.71748661994934, 219.02541995048523, 233.54327487945557, 117.55309057235718, 120.56982517242432, 121.5648238658905, 125.10669732093811, 151.0112659931183], "PCC": [0.7684280061678279, 0.7735410836149876, 0.7697720213451895, 0.7749256013207386, 0.05197358231882194, 0.0491602364877554, 0.03708695281794527, 0.04473054994013982, 0.05197358231882194, 0.0491602364877554, 0.03708695281794527, 0.04473054994013982, 0.7259318709637411, 0.5703994393594821, 0.6275326884704964, 0.6895376102716639, 0.6455950997570863, 0.7525002862008211, 0.6769685589751959, 0.7508264362712055, 0.6636229850607869, 0.7104423489495085, 0.7525002862008211, 0.6769685589751959, 0.7508264362712055, 0.6636229850607869, 0.7104423489495085, 0.0376768954878709, 0.03640937482981463, 0.03619952028334927, 0.029923983918416767, 0.031883676855863685, 0.6795422675293373, 0.6832097683836952, 0.6541855872592229, 0.6326074762714641, 0.6892434839453622], "RMSE": [0.8649194630852914, 0.8795214047323955, 0.8999458256947099, 0.8713828321364033, 2.4700843971134923, 2.5209383561717007, 2.6060604584561466, 2.550356024777501, 2.4700843971134923, 2.5209383561717007, 2.6060604584561466, 2.550356024777501, 0.7784721197747753, 0.9851634485887777, 0.9266479877320606, 0.791086113697185, 0.9045022685906601, 0.7999353174048232, 0.9282085933352449, 0.8254927059800969, 0.9665785417727141, 0.8434822576066715, 0.7999353174048232, 0.9282085933352449, 0.8254927059800969, 0.9665785417727141, 0.8434822576066715, 1.8712276657698106, 1.865434534008467, 1.8576389831669706, 1.9166916831775047, 1.9133139878911056, 0.9320262694565493, 0.791520059127763, 0.8847575745205798, 0.9206855665433523, 0.8224561746858429]}