{"time": [886.9270172119141, 962.0254034996033, 988.1565577983856, 998.673262834549, 1129.8346908092499, 113.0220136642456, 128.11301827430725, 132.0745985507965, 133.489009141922, 141.1250262260437, 230.31332111358643, 231.22008395195007, 232.7284677028656, 241.21279406547546, 256.96173644065857, 171.13559484481812, 179.0508894920349, 189.6229212284088, 190.76171469688416, 211.77837872505188], "PCC": [0.8383441675893686, 0.8411652358577018, 0.8321533507916681, 0.8443895478689806, 0.829970812649337, 0.7077022194002002, 0.6525946580959004, 0.6377385348599544, 0.70146596984305, 0.6307273106351377, 0.7393618013083586, 0.7422062558134753, 0.7794574478646168, 0.7357832481222742, 0.7388365844959383, 0.002388532192219506, 0.0025184739888141875, 0.0059693968095027045, 0.0032101278718776297, 0.0025471624268588156, 0.7063315587725214, 0.7079457805183836, 0.680369887020932, 0.6832747352614559, 0.6988584534219259], "RMSE": [0.7176796365287361, 0.7334865715212238, 0.7646743165919215, 0.7199691301589294, 0.7445811171908736, 0.796814785346577, 0.8844083355123908, 0.9238681582916374, 0.778057556599956, 0.9289525436787864, 0.8164067975640171, 0.8820429798626838, 0.8349843161360618, 0.8549805384646245, 0.8312839142614102, 1.7625338070921017, 1.6762942082594101, 1.6666421729513243, 1.7523433118965053, 1.7312733865528593, 0.9028960020138397, 0.761622104871548, 0.8488854492043194, 0.8478570164186735, 0.8874970436046951]}