{"time": [923.1730535030365, 915.4429934024811, 922.6097524166107, 1121.3870787620544, 1147.1752457618713, 107.07253551483154, 109.09253597259521, 106.51871633529663, 123.6177773475647, 125.04829406738281, 215.1905083656311, 218.49298667907715, 222.42296290397644, 225.89334654808044, 220.50164079666138, 143.32819604873657, 143.8347008228302, 143.93786549568176, 147.44040608406067, 151.39834642410278], "PCC": [0.7077530636330186, 0.7255389387872851, 0.6949806006951881, 0.7180769568115235, 0.7074260090215239, 0.021750671599769334, 0.039067044971734265, 0.05135125347798808, 0.02391261515903781, 0.03442723131752466, 0.6188846076009618, 0.580744748862147, 0.577721628726266, 0.6803867419514981, 0.6684342558883438, 0.6143978974317497, 0.5741525128493362, 0.616711238930364, 0.47592952096936064, 0.5814020653104315, 0.02387639193454172, 0.03490131675830783, 0.023761794935941917, 0.014394395443630572, 0.027063832196703608, 0.6534962569481985, 0.6077772230185894, 0.5639313589967992, 0.6141577997240545, 0.5878541680874644], "RMSE": [0.968027152823471, 0.9704977697143399, 1.032717614136355, 0.9759296044852654, 0.9813722194194455, 2.3546159253699654, 2.310715476532922, 2.261475334179719, 2.36437428316352, 2.3426831678432833, 0.9116489138493229, 0.9716915877490504, 0.9889508116517569, 0.8082812161374634, 0.8748018857924269, 0.9936257098703252, 1.0661299910095872, 1.0123310371986687, 1.2696412963121786, 1.0142600056730873, 1.951334017717098, 1.8818756558592282, 1.978089779122937, 1.6709928235094527, 1.9456809434160545, 0.8973570920286785, 0.8803453658539596, 1.0017553658547573, 0.9368344805749522, 0.9577173070602657]}