{"time": [], "PCC": [0.5106498467967254, 0.4242170827958217, 0.39215123496293147, 0.35167655373694257, 0.37829514847833334, 0.017183440350495585, 0.022425289448508603, 0.06534498086913444, 0.020455888982119575, 0.036103461914142716, 0.4316574917510306, 0.3687371799661595, 0.4180489380713649, 0.38487563522589013, 0.41776668723827337], "RMSE": [1.1245524787886707, 1.2398497938887374, 1.3150926595757269, 1.3395678177682042, 1.2322469789727626, 1.7567563423247454, 1.6975063772180063, 1.5851389561100353, 1.6616663628172652, 1.6487354895102875, 1.1571745398050892, 1.1181766426011759, 1.1466402276081256, 1.1896912785783968, 1.1241547270061378]}