{"time": [1241.3054814338684, 1153.6568057537079, 1197.1593058109283, 1335.5667119026184, 1363.9034094810486, 106.11985611915588, 112.2988805770874, 142.25792574882507, 148.9087302684784, 150.8913152217865, 227.480162858963, 224.749902009964, 225.90614652633667, 220.9043779373169, 227.44680976867676, 145.8836236000061, 180.2270267009735, 180.69275450706482, 181.20078921318054, 193.6875762939453], "PCC": [0.820643918133869, 0.8226595965257495, 0.8209156738935767, 0.8336597065221086, 0.8185974254889917, 0.01205852569554663, 0.013750035416869286, 0.015588641890964634, 0.01803977745792421, 0.009842567998160464, 0.7850158688771707, 0.6523038624782814, 0.6179217746598324, 0.6977761643952832, 0.5980066450451925, 0.7315081854563504, 0.7215756440135767, 0.7841751861898538, 0.7074200867992182, 0.7590150923655229, 0.025227708364073623, 0.02218882266981242, 0.031499501246791725, 0.01628194124149781, 0.025036011084721182, 0.7044944285902716, 0.6674552997892691, 0.7060840023716507, 0.719256750137925, 0.6790860819362682], "RMSE": [0.7577554740292713, 0.7762533236323412, 0.7915652026022261, 0.7457270894663535, 0.7710418204433065, 1.7079812904423095, 1.7262822955160768, 1.6925111469932874, 1.6833791219822722, 1.713776901779659, 0.7121173584072558, 0.8891622343253792, 0.9383803684502312, 0.7967209012499454, 0.9748308316215685, 0.8283707955701123, 0.9270797507970504, 0.7585560798131316, 0.9227726009435995, 0.7677046111045536, 1.7380309878441238, 1.636060705345782, 1.7070690997573694, 1.6974153617241965, 1.7023032069356816, 0.8341902539033506, 0.8122554557760306, 0.8282342514811484, 0.8058359043773307, 0.8747257415927082]}