{"time": [118.96149826049805, 119.52635908126831, 124.68611121177673, 150.08073782920837, 152.68253469467163], "PCC": [0.7340014006880398, 0.6690867341472859, 0.7117935244470363, 0.6286827765887204, 0.7143450832175746, 0.03696773414588144, 0.04658803001940456, 0.031634994174118414, 0.04504469873897859, 0.02433058714334874, 0.6736376315643169, 0.6543289505724463, 0.6411448710602372, 0.6054497471700289, 0.6493796273320932], "RMSE": [0.8301400195214711, 0.937837126833403, 0.8763988416892179, 1.0131101135816956, 0.8360974880670328, 1.9667078962153084, 1.8103700158444955, 1.8515846476457567, 1.8892121513667288, 1.9702367467029112, 0.8883539993704532, 0.843488652761821, 0.9432462383531938, 0.9537282816762671, 0.9086626756524003]}