{"time": [923.4381723403931, 939.8458819389343, 942.9390754699707, 1330.4848721027374, 1330.9891531467438, 54.31592059135437, 64.63321828842163, 42.02602672576904, 43.17478799819946, 50.39540243148804, 146.2108232975006, 146.7214057445526, 151.9168975353241, 156.16481018066406, 160.60756754875183, 222.51825332641602, 226.29906177520752, 228.84139394760132, 226.15379166603088, 231.8586311340332, 173.00835037231445, 174.52474188804626, 178.198228597641, 186.70873594284058, 188.55023550987244], "PCC": [0.8198050232252653, 0.8344177858779492, 0.8269480322544167, 0.8286812500853952, 0.8168410469391879, 0.4318357306143493, 0.5385409319175415, 0.5880454010059277, 0.5804413533529104, 0.5434856005568731, 0.686234411754514, 0.5907577928343488, 0.6569607181906159, 0.7278119134515842, 0.6187804430767492, 0.7199223007561862, 0.720058438989752, 0.771012225685984, 0.7491157313809634, 0.733386855625267, 0.013504108292180012, 0.018207778894061, 0.013630487763357018, 0.010344560151025953, 0.01660611236837057, 0.7067746016864519, 0.6699312107745063, 0.6841928559939784, 0.7127777958756382, 0.6883606370863196], "RMSE": [0.7583214142320309, 0.7490631848946036, 0.7765602111782676, 0.7553691605072829, 0.7734841226724879, 1.4169794840542296, 1.4022903644739155, 1.367387767837802, 1.4361424047740394, 1.2437534178873764, 0.8469715781234131, 0.974820131436732, 0.9232584384353879, 0.7383419597227999, 0.964484978200431, 0.8545404911012404, 0.8620308498473601, 0.7877229329588827, 0.8342628818005537, 0.8072989965946951, 1.7189294894738163, 1.732701086619533, 1.7446636855221793, 1.7376401940739283, 1.717219694493542, 0.8288057875807663, 0.809679454261442, 0.8937043611838171, 0.811149391612956, 0.8978212316176765]}