{"time": [1911.3348836898804, 1975.9506232738495, 2019.4086899757385, 2041.1414113044739, 2084.2017183303833, 320.61825704574585, 318.46119594573975, 334.8357949256897, 346.1407935619354, 410.08931279182434, 191.71585178375244, 195.85837197303772, 203.31880140304565, 227.12721467018127, 226.6857044696808], "PCC": [0.8940657497100758, 0.9025110987209628, 0.8806662132171779, 0.8857222777833927, 0.8808369831708807, 0.5854289036489188, 0.6038629286247748, 0.6518288662263273, 0.6247884328242841, 0.6043195155840136, 0.0014831296989987804, 0.001570970653988851, 0.0012522113113316079, 0.0020392341369293607, 0.001176660773447213, 0.43814036123809746, 0.5893792633312971, 0.4521593754672449, 0.0012149959879406362, 0.4710545038804015], "RMSE": [0.584726455385717, 0.5808440010791452, 0.6499452182719773, 0.617817279756664, 0.6287069775023213, 1.0469089331749788, 1.0363776720311848, 1.0478231207550806, 1.10002916904269, 1.048237781860123, 1.8559991660650617, 1.8301587000546877, 1.6986216932154103, 1.661299798590769, 1.6871947966190155, 1.148616802724759, 0.9286938333791517, 1.1270132594204403, 1.5081342442810566, 1.099403646680347]}